project;family;affected child;(gnomad ac he <= 10 or ho <= 5) & freq <= 10^-4 & medium impact & cov >= 15 & prop all alt >= 0.3 & main transcripts;& (dejavu he <= 10 or ho <= 5);
NGS2022_5039;BEN_ELI;BEN_ELI;"1092";"893";
NGS2022_5039;BOU;BOU_LOU;"469";"297";
NGS2022_5039;BOY;BOY_JUL;"599";"413";
NGS2022_5039;CHAN;CHAN_IVA;"923";"744";
NGS2022_5039;GAU_MAR;GAU_MAR;"652";"354";
NGS2022_5039;GIL;GIL_EMM;"1333";"958";
NGS2022_5039;GUE;GUE_JER;"560";"292";
NGS2022_5039;HAN;HAN_Mad;"825";"632";
NGS2022_5039;HEN;HEN_Tho;"973";"833";
NGS2022_5039;KAC;KAC_YAS;"1186";"953";
NGS2022_5039;LER_Pie;LER_Pie;"721";"547";
NGS2022_5039;LUC_DUT;LUC_DUT;"1029";"851";
NGS2022_5039;MAR;MAR_JUL;"514";"309";
NGS2022_5039;MAS;MAS_Fra;"915";"623";
NGS2022_5039;MEN;MEN_LYA;"729";"517";
NGS2022_5039;RIB_CHL;RIB_CHL;"576";"397";
NGS2022_5039;SLI;SLI_AMB;"1099";"877";
NGS2022_5039;TIN;TIN_PAU;"650";"297";
