Name;Description;;;;;;;;
NGS2025_08602;Exome_prenatal_S103;;;;;;;;
NGS2024_8566;EXOME-RAPIDE_S102;;;;;;;;
NGS2024_8513;Exome_prenatal_S101;;;;;;;;
NGS2024_8457;Exome_prenatal_S100;;;;;;;;
NGS2024_8421;EXOME_PRENATAL_S99;;;;;;;;
NGS2024_8373;EXOME_PRENATAL_S98;;;;;;;;
NGS2024_8312;Exome-Prenatal_S97;;;;;;;;
NGS2024_8229;Exome_prenatal_S96;;;;;;;;
NGS2024_8172;Exome-Prenatal_S95;;;;;;;;
NGS2024_8128;Exome-Prenatal_S94_23082024;;;;;;;;
NGS2024_8097;Exome_prenatal_S93;;;;;;;;
NGS2024_8059;Exome_prenatal_S92;;;;;;;;
NGS2024_7994;Exome_prenatal_S91;;;;;;;;
NGS2024_7917;Exome_prenatal_S90;;;;;;;;
NGS2024_7858;Exome_prenatal_S89;;;;;;;;
NGS2024_7810;Exome_prenatal_S88;;;;;;;;
NGS2024_7738;Exome_prenatal_S87;;;;;;;;
NGS2024_7696;Exome_prenat_S86;;;;;;;;
NGS2024_7646;Exome_prenat_S85;;;;;;;;
NGS2024_7596;Exome_prenatal_S84;;;;;;;;
NGS2024_7542;Exome_prenatal_S83;;;;;;;;
NGS2024_7509;Exome_prenatal_S82bis;;;;;;;;
NGS2024_7454;Exome_prenatal_S81;;;;;;;;
NGS2024_7419;Exome_prenatal_S80;;;;;;;;
NGS2024_7371;Exome_prenatal_S79;;;;;;;;
NGS2024_7301;Exome_prenatal_S78;;;;;;;;
NGS2023_7284;Exome_prenatal_S77;;;;;;;;
NGS2023_7239;Exome_prenatal_S76-BIS;;;;;;;;
NGS2023_7190;Exome_prenatal_S75;;;;;;;;
NGS2023_7126;Exome_prenatal_S74;;;;;;;;
NGS2023_7095;Exome_prenatal_S73;;;;;;;;
NGS2023_7045;Exome_prenatal_S72;;;;;;;;
NGS2023_6997;Exome_prenatal_S71;;;;;;;;
NGS2023_6966;Exome_prenatal_S70;;;;;;;;
NGS2023_6906;exome_prenatal_S69;;;;;;;;
NGS2023_6890;exome_prenatal_S68;;;;;;;;
NGS2023_6825;Exome_prenatal_S67;;;;;;;;
NGS2023_6779;Exome_Prenatal_S66;;;;;;;;
NGS2023_6712;EXOME_PRENATAL_S65_27062023;;;;;;;;
NGS2023_6629;Exome_Prenantal_S64;;;;;;;;
NGS2023_6594;Exome_Prenantal_S63;;;;;;;;
NGS2023_6533;Exome_Prenantal_S62;;;;;;;;
NGS2023_6511;Exome_Prenantal_S61;;;;;;;;
NGS2023_6437;prenat_S60;;;;;;;;
NGS2023_6392;Exome_prenatal_S59;;;;;;;;
NGS2023_6363;Exome_prenatal_S58;;;;;;;;
NGS2023_6322;Exome_Prenantal_S57;;;;;;;;
NGS2023_6286;EXOME_PRENATL_S56_10022023_V8_XTHS2;;;;;;;;
NGS2023_6287;EXOME_PRENATL_S56_10022023_V8_XTHS2_UMI;;;;;;;;
NGS2023_6238;Exome_prenatal_S55;;;;;;;;
NGS2023_6208;Exome_prenatal_S54;;;;;;;;
NGS2023_6167;Exome_prenatal_S53;;;;;;;;
NGS2022_6159;EXOME_PRENATAL_S52;;;;;;;;
NGS2022_6092;Exome prenatal S51;;;;;;;;
NGS2022_6044;Exome_prenatal_S50;;;;;;;;
NGS2022_6023;Exomerapide_S49_04112022;;;;;;;;
NGS2022_5992;EXOME_PRENATAL_S48_21102022;;;;;;;;
NGS2022_5950;EXOME PRENATAL S47;;;;;;;;
NGS2022_5908;Exome_prenatal_S46-230922;;;;;;;;
NGS2022_5879;EXOME_PRENATAL_S45;;;;;;;;
NGS2022_5838;exome_prenatal_S44;;;;;;;;
NGS2022_5811;exome_prenatal_S43;;;;;;;;
NGS2022_5713;Exome_Preantal_S42;;;;;;;;
NGS2022_5646;Exome_Preantal_S41;;;;;;;;
NGS2022_5582;Exome_Prenatal_S40;;;;;;;;
NGS2022_5507;Exome_prenatal_S39;;;;;;;;
NGS2022_5466;EXOME_PRENATAL_S38;;;;;;;;
NGS2022_5419;prenat_s37;;;;;;;;
NGS2022_5392;prenat S36;;;;;;;;
NGS2022_5272;exomes prenat S35;;;;;;;;
NGS2022_5237;prenat S34;;;;;;;;
NGS2022_5100;prenat_S33;;;;;;;;
NGS2022_5042;EXOME_PRENATAL_S32_25022022;;;;;;;;
NGS2022_5022;EXOME PRENATAL S31;;;;;;;;
NGS2022_4909;Exome_prenatal_S30;;;;;;;;
NGS2022_4850;EXOME_PRENATAL_S29_30122021;;;;;;;;
NGS2021_4786;Exome prenatal S28 031221;;;;;;;;
NGS2021_4615;EXOME_PRENATAL_S27_05112021;;;;;;;;
NGS2021_4466;Exome_prenatal_S26;;;;;;;;
NGS2021_4388;Exome_prenatal_S25;;;;;;;;
NGS2021_4188;Exome_prenatal_S24;;;;;;;;
NGS2021_4159;exome_prenat_S23_210723;;;;;;;;
NGS2021_4099;Exome prenatal S22;;;;;;;;
NGS2021_4032;exome_prenatal_S21_11_06_2021;;;;;;;;
NGS2021_3976;exome_prenat_S10_210521;serie 20;;;;;;;
NGS2021_3900;Exome_prenatal_S19;;;;;;;;
NGS2021_3855;exome_prenatal_S18;;;;;;;;
NGS2021_3817;Exome_prenatal_S17;;;;;;;;
NGS2021_3743;exome_prenatal_S16;;;;;;;;
NGS2021_3653;exome pre-natal S15;;;;;;;;
NGS2021_3545;Exome prenatal S14;;;;;;;;
NGS2020_3516;201214_Exome_prenatal_S13;;;;;;;;
NGS2020_3396;Exome_prenatal_S12;;;;;;;;
NGS2020_3346;Exome_prenatal_S11_23_10_2020;;;;;;;;
NGS2020_3264;Exome Prenatal S10;;;;;;;;
NGS2020_3166;EXOME_PRENATAL_S9_26082020;;;;;;;;
NGS2020_3120;Exome_prenatal_S8;;;;;;;;
NGS2020_3107;Exomes_prenatal_S7;;;;;;;;
NGS2020_3072;PRENATAL_S6_15062020;;;;;;;;
NGS2020_3026;Exome_prenatal_200513;;;;;;;;
NGS2020_2973;exomes_prenatal_S4;;;;;;;;
NGS2020_2938;exomes_prenat_200309;;;;;;;;
NGS2020_2894;Exomes_prenatal_S2_NextSeq_200210;;;;;;;;
NGS2019_2781;PRENATAL_S1_12112019;;;;;;;;
